config,mode,seed,episode,env,scarcity,rollout_path,checkpoint_path,config_path,n_rows,embedding_dim,measurement_1_probes.class_counts.NEUTRAL,measurement_1_probes.class_counts.ZAP_AGENT,measurement_1_probes.class_counts.BEING_ZAPPED,measurement_1_probes.class_counts.ZAP_WASTE,measurement_1_probes.class_counts.APPLE_EATEN,measurement_1_probes.probe_5way_auroc_mean,measurement_1_probes.probe_5way_auroc_std,measurement_1_probes.probe_5way_f1_mean,measurement_1_probes.n_aggressor,measurement_1_probes.n_victim,measurement_1_probes.probe_agg_vs_vic_auroc,measurement_2_cka.cka_matrix.NEUTRAL.NEUTRAL,measurement_2_cka.cka_matrix.NEUTRAL.ZAP_AGENT,measurement_2_cka.cka_matrix.NEUTRAL.BEING_ZAPPED,measurement_2_cka.cka_matrix.NEUTRAL.ZAP_WASTE,measurement_2_cka.cka_matrix.NEUTRAL.APPLE_EATEN,measurement_2_cka.cka_matrix.ZAP_AGENT.NEUTRAL,measurement_2_cka.cka_matrix.ZAP_AGENT.ZAP_AGENT,measurement_2_cka.cka_matrix.ZAP_AGENT.BEING_ZAPPED,measurement_2_cka.cka_matrix.ZAP_AGENT.ZAP_WASTE,measurement_2_cka.cka_matrix.ZAP_AGENT.APPLE_EATEN,measurement_2_cka.cka_matrix.BEING_ZAPPED.NEUTRAL,measurement_2_cka.cka_matrix.BEING_ZAPPED.ZAP_AGENT,measurement_2_cka.cka_matrix.BEING_ZAPPED.BEING_ZAPPED,measurement_2_cka.cka_matrix.BEING_ZAPPED.ZAP_WASTE,measurement_2_cka.cka_matrix.BEING_ZAPPED.APPLE_EATEN,measurement_2_cka.cka_matrix.ZAP_WASTE.NEUTRAL,measurement_2_cka.cka_matrix.ZAP_WASTE.ZAP_AGENT,measurement_2_cka.cka_matrix.ZAP_WASTE.BEING_ZAPPED,measurement_2_cka.cka_matrix.ZAP_WASTE.ZAP_WASTE,measurement_2_cka.cka_matrix.ZAP_WASTE.APPLE_EATEN,measurement_2_cka.cka_matrix.APPLE_EATEN.NEUTRAL,measurement_2_cka.cka_matrix.APPLE_EATEN.ZAP_AGENT,measurement_2_cka.cka_matrix.APPLE_EATEN.BEING_ZAPPED,measurement_2_cka.cka_matrix.APPLE_EATEN.ZAP_WASTE,measurement_2_cka.cka_matrix.APPLE_EATEN.APPLE_EATEN,measurement_2_cka.n_per_role_cka,measurement_2_cka.class_counts.NEUTRAL,measurement_2_cka.class_counts.ZAP_AGENT,measurement_2_cka.class_counts.BEING_ZAPPED,measurement_2_cka.class_counts.ZAP_WASTE,measurement_2_cka.class_counts.APPLE_EATEN,measurement_2_cka.cka_agg_vs_vic,measurement_3_rsa.prototype_cosdist_matrix.NEUTRAL.NEUTRAL,measurement_3_rsa.prototype_cosdist_matrix.NEUTRAL.ZAP_AGENT,measurement_3_rsa.prototype_cosdist_matrix.NEUTRAL.BEING_ZAPPED,measurement_3_rsa.prototype_cosdist_matrix.NEUTRAL.ZAP_WASTE,measurement_3_rsa.prototype_cosdist_matrix.NEUTRAL.APPLE_EATEN,measurement_3_rsa.prototype_cosdist_matrix.ZAP_AGENT.NEUTRAL,measurement_3_rsa.prototype_cosdist_matrix.ZAP_AGENT.ZAP_AGENT,measurement_3_rsa.prototype_cosdist_matrix.ZAP_AGENT.BEING_ZAPPED,measurement_3_rsa.prototype_cosdist_matrix.ZAP_AGENT.ZAP_WASTE,measurement_3_rsa.prototype_cosdist_matrix.ZAP_AGENT.APPLE_EATEN,measurement_3_rsa.prototype_cosdist_matrix.BEING_ZAPPED.NEUTRAL,measurement_3_rsa.prototype_cosdist_matrix.BEING_ZAPPED.ZAP_AGENT,measurement_3_rsa.prototype_cosdist_matrix.BEING_ZAPPED.BEING_ZAPPED,measurement_3_rsa.prototype_cosdist_matrix.BEING_ZAPPED.ZAP_WASTE,measurement_3_rsa.prototype_cosdist_matrix.BEING_ZAPPED.APPLE_EATEN,measurement_3_rsa.prototype_cosdist_matrix.ZAP_WASTE.NEUTRAL,measurement_3_rsa.prototype_cosdist_matrix.ZAP_WASTE.ZAP_AGENT,measurement_3_rsa.prototype_cosdist_matrix.ZAP_WASTE.BEING_ZAPPED,measurement_3_rsa.prototype_cosdist_matrix.ZAP_WASTE.ZAP_WASTE,measurement_3_rsa.prototype_cosdist_matrix.ZAP_WASTE.APPLE_EATEN,measurement_3_rsa.prototype_cosdist_matrix.APPLE_EATEN.NEUTRAL,measurement_3_rsa.prototype_cosdist_matrix.APPLE_EATEN.ZAP_AGENT,measurement_3_rsa.prototype_cosdist_matrix.APPLE_EATEN.BEING_ZAPPED,measurement_3_rsa.prototype_cosdist_matrix.APPLE_EATEN.ZAP_WASTE,measurement_3_rsa.prototype_cosdist_matrix.APPLE_EATEN.APPLE_EATEN,measurement_3_rsa.class_counts.NEUTRAL,measurement_3_rsa.class_counts.ZAP_AGENT,measurement_3_rsa.class_counts.BEING_ZAPPED,measurement_3_rsa.class_counts.ZAP_WASTE,measurement_3_rsa.class_counts.APPLE_EATEN,measurement_3_rsa.cosdist_agg_vs_vic,measurement_4_gradient_transfer.gradient_transfer_n_pairs,measurement_4_gradient_transfer.gradient_transfer_cos_mean,measurement_4_gradient_transfer.gradient_transfer_cos_std,measurement_4_gradient_transfer.gradient_transfer_cos_median,measurement_4_gradient_transfer.gradient_transfer_cos_abs_mean,elapsed_sec,Episode,ViolenceRate_per_agent_step,BeingZappedRate_per_agent_step,CooperationRate_per_agent_step,AppleRate_per_agent_step,BeamUseRate_per_agent_step,AvgReturn_per_agent,EthicalSelectivity,SkippedMinibatches
m1_env_B_sc030_sym,baseline,42,200,B,0.3,/mnt/karma_m1_scratch/m1_env_B_sc030_sym_baseline_seed42/m1_env_B_sc030_sym_baseline_seed42_ep200.parquet,results/m1_env_B_sc030_sym/checkpoints/m1_env_B_sc030_sym_baseline_seed42_ep200.pt,configs/m1_env_B_sc030_sym.yaml,80000,64,70325,591,609,4829,3646,0.6738000149718528,0.003756474477724078,0.2024264343409449,591,609,0.5865835284901484,1.0,0.0023908016737550497,0.0027901704888790846,0.0006148142274469137,0.004789832979440689,0.0023908016737550497,1.0,0.0034204141702502966,0.0014055492356419563,0.002287229523062706,0.0027901711873710155,0.0034204141702502966,1.0,0.0009381835116073489,0.003917920868843794,0.0006148143438622355,0.0014055492356419563,0.0009381835116073489,1.0,0.0033487866166979074,0.004789832979440689,0.002287229523062706,0.003917920868843794,0.0033487866166979074,1.0,591,70325,591,609,4829,3646,0.0034204141702502966,0.0,0.0420222282409668,0.028892695903778076,0.033903539180755615,0.32868140935897827,0.0420222282409668,5.960464477539063e-08,0.0026326775550842285,0.0009441375732421875,0.5661095380783081,0.028892695903778076,0.0026326775550842285,0.0,0.0032422542572021484,0.5239635705947876,0.033903539180755615,0.0009441375732421875,0.0032422542572021484,5.960464477539063e-08,0.5353665351867676,0.32868140935897827,0.5661095380783081,0.5239635705947876,0.5353665351867676,-1.1920928955078125e-07,70325,591,609,4829,3646,0.0026326775550842285,128,-0.5628347396850586,0.10561266541481018,-0.581298828125,0.5628347396850586,131.94,200,0.0062875,0.0062875,0.0605499999999999,0.0503874999999999,0.1483375,50.3875,9.63021868787276,0
m1_env_B_sc030_sym,baseline,42,400,B,0.3,/mnt/karma_m1_scratch/m1_env_B_sc030_sym_baseline_seed42/m1_env_B_sc030_sym_baseline_seed42_ep400.parquet,results/m1_env_B_sc030_sym/checkpoints/m1_env_B_sc030_sym_baseline_seed42_ep400.pt,configs/m1_env_B_sc030_sym.yaml,80000,64,67596,1746,2096,4641,3921,0.6437175967422128,0.001889698731803646,0.20118036122495853,1746,2096,0.5440384001047267,1.0,0.0007108286372385919,0.0005359571659937501,0.00018983382324222475,0.003013343783095479,0.0007108286372385919,1.0,0.00022359853028319776,0.00030196274747140706,0.001764062326401472,0.0005359571659937501,0.00022359853028319776,1.0,0.00041796304867602885,0.0018297983333468437,0.00018983382324222475,0.00030196274747140706,0.00041796304867602885,1.0,0.0009494131663814187,0.003013343783095479,0.001764062326401472,0.0018297983333468437,0.0009494131663814187,1.0,1000,67596,1746,2096,4641,3921,0.00022359853028319776,0.0,0.006928384304046631,0.007496953010559082,0.003645658493041992,0.2400984764099121,0.006928384304046631,0.0,0.0001996159553527832,0.008072137832641602,0.3188464045524597,0.007496953010559082,0.0001996159553527832,-1.1920928955078125e-07,0.010200440883636475,0.31821393966674805,0.003645658493041992,0.008072137832641602,0.010200440883636475,0.0,0.2686983346939087,0.2400984764099121,0.3188464045524597,0.31821393966674805,0.2686983346939087,-1.1920928955078125e-07,67596,1746,2096,4641,3921,0.0001996159553527832,128,0.1150495707988739,0.1839330643415451,0.08771833032369614,0.1582997441291809,174.94,400,0.0180999999999999,0.0180999999999999,0.0622999999999999,0.0624249999999999,0.2491875,62.425,3.441988950276243,0
m1_env_B_sc030_sym,baseline,42,600,B,0.3,/mnt/karma_m1_scratch/m1_env_B_sc030_sym_baseline_seed42/m1_env_B_sc030_sym_baseline_seed42_ep600.parquet,results/m1_env_B_sc030_sym/checkpoints/m1_env_B_sc030_sym_baseline_seed42_ep600.pt,configs/m1_env_B_sc030_sym.yaml,80000,64,70897,661,670,5577,2195,0.6360787112260567,0.005150085865858696,0.18356497945059705,661,670,0.5081986683125724,1.0,0.005900613963603973,0.0010705703170970082,0.0014536892995238304,0.005927270278334618,0.005900613963603973,1.0,0.0018483895109966397,0.003368896897882223,0.004833999089896679,0.0010705703170970082,0.0018483896274119616,1.0,0.0022949182894080877,0.004096008371561766,0.0014536892995238304,0.003368896897882223,0.0022949182894080877,1.0,0.0024658453185111284,0.005927270278334618,0.004833999089896679,0.004096008837223053,0.0024658453185111284,1.0,661,70897,661,670,5577,2195,0.0018483895109966397,0.0,0.0013447403907775879,0.0010698437690734863,0.001295626163482666,0.21546608209609985,0.0013447403907775879,5.960464477539063e-08,5.650520324707031e-05,0.0019017457962036133,0.22788983583450317,0.0010698437690734863,5.650520324707031e-05,0.0,0.0020813345909118652,0.22203904390335083,0.001295626163482666,0.0019017457962036133,0.0020813345909118652,0.0,0.24741137027740479,0.21546608209609985,0.22788983583450317,0.22203904390335083,0.24741137027740479,5.960464477539063e-08,70897,661,670,5577,2195,5.650520324707031e-05,128,0.37249213457107544,0.15054602921009064,0.3939451277256012,0.37249213457107544,243.01,600,0.009,0.009,0.0635749999999999,0.0309,0.1522,30.9,7.063888888888887,0
m1_env_B_sc030_sym,baseline,42,800,B,0.3,/mnt/karma_m1_scratch/m1_env_B_sc030_sym_baseline_seed42/m1_env_B_sc030_sym_baseline_seed42_ep800.parquet,results/m1_env_B_sc030_sym/checkpoints/m1_env_B_sc030_sym_baseline_seed42_ep800.pt,configs/m1_env_B_sc030_sym.yaml,80000,64,72426,778,834,3200,2762,0.6817112611950109,0.005759399307587695,0.1945034243308346,778,834,0.4712516576461714,1.0,0.0013916583266109228,0.0010848484234884381,0.0049954806454479694,0.0034206125419586897,0.0013916583266109228,1.0,0.0008538343827240169,0.000971717294305563,0.0006310432218015194,0.0010848484234884381,0.0008538345573469996,1.0,0.003400478744879365,0.0037327890750020742,0.0049954806454479694,0.0009717174107208848,0.003400478744879365,1.0,0.001451160991564393,0.003420613007619977,0.0006310432218015194,0.0037327890750020742,0.001451160991564393,1.0,778,72426,778,834,3200,2762,0.0008538343827240169,-1.1920928955078125e-07,0.002540886402130127,0.0021430253982543945,0.0022220611572265625,0.09435611963272095,0.002540886402130127,1.1920928955078125e-07,7.230043411254883e-05,0.00045615434646606445,0.12434303760528564,0.0021430253982543945,7.230043411254883e-05,0.0,0.0004917383193969727,0.12189853191375732,0.0022220611572265625,0.00045615434646606445,0.0004917383193969727,0.0,0.12405586242675781,0.09435611963272095,0.12434303760528564,0.12189853191375732,0.12405586242675781,-1.1920928955078125e-07,72426,778,834,3200,2762,7.230043411254883e-05,128,-0.04565281420946121,0.1445544809103012,-0.04068784415721893,0.12379434704780579,446.32,800,0.0127,0.0127,0.0467875,0.0257,0.136575,25.7,3.684055118110237,0
m1_env_B_sc030_sym,baseline,42,1000,B,0.3,/mnt/karma_m1_scratch/m1_env_B_sc030_sym_baseline_seed42/m1_env_B_sc030_sym_baseline_seed42_ep1000.parquet,results/m1_env_B_sc030_sym/checkpoints/m1_env_B_sc030_sym_baseline_seed42_ep1000.pt,configs/m1_env_B_sc030_sym.yaml,80000,64,72368,652,687,3679,2614,0.6689513410893062,0.004092603932987573,0.1850268168274185,652,687,0.49148129457608336,1.0,0.0025918749161064625,0.0017850291915237904,0.002297386061400175,0.00459018861874938,0.0025918749161064625,1.0,0.0034046729560941458,0.0017228308133780956,0.0005149543867446482,0.0017850297736003995,0.0034046729560941458,1.0,0.00803431123495102,0.0018414962105453014,0.002297386061400175,0.0017228308133780956,0.00803431123495102,1.0,0.007233809679746628,0.00459018861874938,0.0005149543867446482,0.001841495861299336,0.007233808282762766,1.0,652,72368,652,687,3679,2614,0.0034046729560941458,-1.1920928955078125e-07,0.008464157581329346,0.005902767181396484,0.004424333572387695,0.11111211776733398,0.008464157581329346,0.0,0.00030934810638427734,0.0032212138175964355,0.16327506303787231,0.005902767181396484,0.00030934810638427734,-1.1920928955078125e-07,0.0021439790725708008,0.15532726049423218,0.004424333572387695,0.0032212138175964355,0.0021439790725708008,-1.1920928955078125e-07,0.1567656397819519,0.11111211776733398,0.16327506303787231,0.15532726049423218,0.1567656397819519,-1.1920928955078125e-07,72368,652,687,3679,2614,0.00030934810638427734,128,0.035262156277894974,0.1780998259782791,0.0636216253042221,0.14819270372390747,410.61,1000,0.00975,0.00975,0.0536875,0.0310499999999999,0.1363,31.05,5.506410256410256,0
m1_env_B_sc030_sym,baseline,42,1200,B,0.3,/mnt/karma_m1_scratch/m1_env_B_sc030_sym_baseline_seed42/m1_env_B_sc030_sym_baseline_seed42_ep1200.parquet,results/m1_env_B_sc030_sym/checkpoints/m1_env_B_sc030_sym_baseline_seed42_ep1200.pt,configs/m1_env_B_sc030_sym.yaml,80000,64,73122,805,849,3971,1253,0.6263766845101071,0.004089657092470354,0.1562670773760654,805,849,0.4631923476877245,1.0,0.005516209173947573,0.0011597893899306655,0.0052635748870670795,0.005072197411209345,0.005516209173947573,1.0,0.0035368185490369797,0.0016001296462491155,0.003441094420850277,0.0011597893899306655,0.0035368185490369797,1.0,0.004107555840164423,0.0032191635109484196,0.0052635748870670795,0.0016001296462491155,0.004107555840164423,1.0,0.008929859846830368,0.005072197411209345,0.003441094420850277,0.0032191628124564886,0.008929859846830368,1.0,805,73122,805,849,3971,1253,0.0035368185490369797,-1.1920928955078125e-07,0.006506919860839844,0.006608307361602783,0.006704151630401611,0.16692698001861572,0.006506919860839844,5.960464477539063e-08,9.721517562866211e-05,0.0029467344284057617,0.22716528177261353,0.006608307361602783,9.721517562866211e-05,5.960464477539063e-08,0.0024834275245666504,0.2303028702735901,0.006704151630401611,0.0029467344284057617,0.0024834275245666504,5.960464477539063e-08,0.23408854007720947,0.16692698001861572,0.22716528177261353,0.2303028702735901,0.23408854007720947,5.960464477539063e-08,73122,805,849,3971,1253,9.721517562866211e-05,128,-0.014259831979870796,0.2499471753835678,0.007841531187295914,0.19190183281898499,483.9,1200,0.0088125,0.0088125,0.0563,0.0232125,0.1331875,23.2125,6.388652482269503,0
m1_env_B_sc030_sym,baseline,42,1400,B,0.3,/mnt/karma_m1_scratch/m1_env_B_sc030_sym_baseline_seed42/m1_env_B_sc030_sym_baseline_seed42_ep1400.parquet,results/m1_env_B_sc030_sym/checkpoints/m1_env_B_sc030_sym_baseline_seed42_ep1400.pt,configs/m1_env_B_sc030_sym.yaml,80000,64,72589,1189,1296,2756,2170,0.6635835120484826,0.0028171440948326883,0.17378779943398734,1189,1296,0.46782995426650353,1.0,0.001077709486708045,0.0011540510458871722,0.003070071106776595,0.0035944010596722364,0.001077709486708045,1.0,0.00105627765879035,0.0014893728075549006,0.0007586673018522561,0.0011540510458871722,0.0010562778916209936,1.0,0.001374423853121698,0.004120436497032642,0.003070071106776595,0.0014893728075549006,0.001374423853121698,1.0,0.0023462153039872646,0.0035944010596722364,0.0007586673018522561,0.004120436497032642,0.0023462153039872646,1.0,1000,72589,1189,1296,2756,2170,0.00105627765879035,5.960464477539063e-08,0.0021660923957824707,0.0018404126167297363,0.01452869176864624,0.2842075824737549,0.0021660923957824707,1.1920928955078125e-07,2.0563602447509766e-05,0.007486104965209961,0.32140398025512695,0.0018404126167297363,2.0563602447509766e-05,1.1920928955078125e-07,0.008049070835113525,0.3176247477531433,0.01452869176864624,0.007486104965209961,0.008049070835113525,-1.1920928955078125e-07,0.4112635850906372,0.2842075824737549,0.32140398025512695,0.3176247477531433,0.4112635850906372,0.0,72589,1189,1296,2756,2170,2.0563602447509766e-05,128,0.24245616793632507,0.16162769496440887,0.24819207191467285,0.252939373254776,423.76,1400,0.0117,0.0117,0.0514,0.014175,0.1274375,14.175,4.393162393162392,0
m1_env_B_sc030_sym,baseline,42,1600,B,0.3,/mnt/karma_m1_scratch/m1_env_B_sc030_sym_baseline_seed42/m1_env_B_sc030_sym_baseline_seed42_ep1600.parquet,results/m1_env_B_sc030_sym/checkpoints/m1_env_B_sc030_sym_baseline_seed42_ep1600.pt,configs/m1_env_B_sc030_sym.yaml,80000,64,73634,597,637,4127,1005,0.5931244284005401,0.009142245644153203,0.14696490341304663,597,637,0.4500139056606895,1.0,0.00093386962544173,0.001242340076714754,0.008200232870876789,0.004739786963909864,0.0009338697418570518,1.0,0.0010301981819793582,0.007909084670245647,0.0007467371178790927,0.001242340076714754,0.0010301981819793582,1.0,0.009028959088027477,0.0023830465506762266,0.008200232870876789,0.007909084670245647,0.009028961881995201,1.0,0.004473596811294556,0.00473978603258729,0.0007467371178790927,0.0023830465506762266,0.004473595879971981,1.0,597,73634,597,637,4127,1005,0.0010301981819793582,5.960464477539063e-08,0.0011102557182312012,0.0014970898628234863,0.0033672451972961426,0.41968631744384766,0.0011102557182312012,0.0,0.00011289119720458984,0.005944609642028809,0.41073644161224365,0.0014970898628234863,0.00011289119720458984,-1.1920928955078125e-07,0.0072446465492248535,0.4007735252380371,0.0033672451972961426,0.005944609642028809,0.0072446465492248535,0.0,0.485772967338562,0.41968631744384766,0.41073644161224365,0.4007735252380371,0.485772967338562,-1.1920928955078125e-07,73634,597,637,4127,1005,0.00011289119720458984,128,0.258567750453949,0.22037190198898315,0.2567381262779236,0.28321224451065063,885.02,1600,0.0067125,0.0067125,0.056575,0.0099875,0.1074249999999999,9.9875,8.42830540037244,0
m1_env_B_sc030_sym,baseline,42,1800,B,0.3,/mnt/karma_m1_scratch/m1_env_B_sc030_sym_baseline_seed42/m1_env_B_sc030_sym_baseline_seed42_ep1800.parquet,results/m1_env_B_sc030_sym/checkpoints/m1_env_B_sc030_sym_baseline_seed42_ep1800.pt,configs/m1_env_B_sc030_sym.yaml,80000,64,72878,534,551,4425,1612,0.6195141131796139,0.007474631666719895,0.16068343305075689,534,551,0.41048885582653877,1.0,0.004035330377519131,0.0018688659183681011,0.003732958110049367,0.006558803841471672,0.004035330377519131,1.0,0.006576733663678169,0.0018929026555269957,0.00864484068006277,0.0018688661511987448,0.0065767341293394566,1.0,0.0012487336061894894,0.001037059468217194,0.0037329585757106543,0.0018929026555269957,0.0012487333733588457,1.0,0.002215360989794135,0.006558803841471672,0.00864484068006277,0.001037059468217194,0.002215360989794135,1.0,534,72878,534,551,4425,1612,0.006576733663678169,-1.1920928955078125e-07,0.0006962418556213379,0.0006819367408752441,0.0018339753150939941,0.34099477529525757,0.0006962418556213379,1.1920928955078125e-07,2.3186206817626953e-05,0.001477360725402832,0.3458494544029236,0.0006819367408752441,2.3186206817626953e-05,0.0,0.0018105506896972656,0.3413756489753723,0.0018339753150939941,0.001477360725402832,0.0018105506896972656,0.0,0.3845158815383911,0.34099477529525757,0.3458494544029236,0.3413756489753723,0.3845158815383911,0.0,72878,534,551,4425,1612,2.3186206817626953e-05,128,-0.11862838268280029,0.29458343982696533,-0.14202973246574402,0.25336337089538574,1051.12,1800,0.0061625,0.0061625,0.0656375,0.0110125,0.130625,11.0125,10.651115618661258,0
m1_env_B_sc030_sym,baseline,42,2000,B,0.3,/mnt/karma_m1_scratch/m1_env_B_sc030_sym_baseline_seed42/m1_env_B_sc030_sym_baseline_seed42_ep2000.parquet,results/m1_env_B_sc030_sym/checkpoints/m1_env_B_sc030_sym_baseline_seed42_ep2000.pt,configs/m1_env_B_sc030_sym.yaml,80000,64,74209,665,709,3485,932,0.5893419189265435,0.004678590452916321,0.14058980344673572,665,709,0.42619058884850725,1.0,0.002530154539272189,0.007549930829554796,0.003510283073410392,0.0033668146934360266,0.002530154539272189,1.0,0.0020155541133135557,0.0015370449982583523,0.004970255307853222,0.007549930829554796,0.0020155548118054867,1.0,0.0022300994023680687,0.005766791757196188,0.003510283073410392,0.0015370449982583523,0.0022300994023680687,1.0,0.004801030270755291,0.003366815159097314,0.004970255307853222,0.005766791757196188,0.004801030270755291,1.0,665,74209,665,709,3485,932,0.0020155541133135557,1.1920928955078125e-07,0.004538893699645996,0.005649387836456299,0.002412855625152588,0.2771979570388794,0.004538893699645996,0.0,6.520748138427734e-05,0.0066872239112854,0.34049808979034424,0.005649387836456299,6.520748138427734e-05,0.0,0.007899761199951172,0.3479529023170471,0.002412855625152588,0.0066872239112854,0.007899761199951172,0.0,0.29474520683288574,0.2771979570388794,0.34049808979034424,0.3479529023170471,0.29474520683288574,1.1920928955078125e-07,74209,665,709,3485,932,6.520748138427734e-05,128,-0.05960439518094063,0.41827377676963806,-0.05992806702852249,0.35437431931495667,1009.1,2000,0.0075875,0.0075875,0.053675,0.0146249999999999,0.1082499999999999,14.625,7.074135090609555,0
m1_env_B_sc030_sym,baseline,42,2200,B,0.3,/mnt/karma_m1_scratch/m1_env_B_sc030_sym_baseline_seed42/m1_env_B_sc030_sym_baseline_seed42_ep2200.parquet,results/m1_env_B_sc030_sym/checkpoints/m1_env_B_sc030_sym_baseline_seed42_ep2200.pt,configs/m1_env_B_sc030_sym.yaml,80000,64,73850,672,714,3392,1372,0.6358003870428238,0.005510410283116226,0.16506838899432752,672,714,0.42822000125552784,1.0,0.0035998665262013674,0.0036103385500609875,0.004295640625059605,0.0029496203642338514,0.0035998665262013674,1.0,0.0021522839087992907,0.004689409397542477,0.005226335022598505,0.0036103392485529184,0.0021522841416299343,1.0,0.002662708517163992,0.005242408253252506,0.004295640625059605,0.004689410328865051,0.002662708517163992,1.0,0.005406614858657122,0.0029496203642338514,0.005226335488259792,0.005242408253252506,0.005406614858657122,1.0,672,73850,672,714,3392,1372,0.0021522839087992907,0.0,0.0036412477493286133,0.0032767653465270996,0.007718980312347412,0.2523350715637207,0.0036412477493286133,-1.1920928955078125e-07,5.8531761169433594e-05,0.014702856540679932,0.2541056275367737,0.0032767653465270996,5.8531761169433594e-05,5.960464477539063e-08,0.015183508396148682,0.24807119369506836,0.007718980312347412,0.014702856540679932,0.015183508396148682,0.0,0.33011382818222046,0.2523350715637207,0.2541056275367737,0.24807119369506836,0.33011382818222046,-1.1920928955078125e-07,73850,672,714,3392,1372,5.8531761169433594e-05,128,-0.11199059337377548,0.2767399549484253,-0.15716397762298584,0.24813315272331238,1067.64,2200,0.0067125,0.0067125,0.0477375,0.0231125,0.0923,23.1125,7.111731843575418,0
m1_env_B_sc030_sym,baseline,42,2400,B,0.3,/mnt/karma_m1_scratch/m1_env_B_sc030_sym_baseline_seed42/m1_env_B_sc030_sym_baseline_seed42_ep2400.parquet,results/m1_env_B_sc030_sym/checkpoints/m1_env_B_sc030_sym_baseline_seed42_ep2400.pt,configs/m1_env_B_sc030_sym.yaml,80000,64,74368,875,969,2984,804,0.6345546262432713,0.004128198823776951,0.1655721382442361,875,969,0.4135852785641793,1.0,0.0015016983961686492,0.0037912060506641865,0.0012264548568055034,0.001437920844182372,0.0015016988618299365,1.0,0.0016345172189176083,0.0016646531876176596,0.0068413326516747475,0.00379120628349483,0.0016345176845788956,1.0,0.0035164179280400276,0.006928692571818829,0.0012264548568055034,0.0016646531876176596,0.0035164179280400276,1.0,0.0026562632992863655,0.001437920844182372,0.0068413326516747475,0.006928692571818829,0.0026562632992863655,1.0,804,74368,875,969,2984,804,0.0016345172189176083,-1.1920928955078125e-07,0.0017862319946289062,0.0014467239379882812,0.002577483654022217,0.25507503747940063,0.0017862319946289062,1.1920928955078125e-07,5.8770179748535156e-05,0.00105971097946167,0.28241634368896484,0.0014467239379882812,5.8770179748535156e-05,-1.1920928955078125e-07,0.0012897849082946777,0.2799595594406128,0.002577483654022217,0.00105971097946167,0.0012897849082946777,0.0,0.2976900339126587,0.25507503747940063,0.28241634368896484,0.2799595594406128,0.2976900339126587,5.960464477539063e-08,74368,875,969,2984,804,5.8770179748535156e-05,128,-0.12526339292526245,0.3051174283027649,-0.1689789891242981,0.2729383111000061,1068.48,2400,0.0087125,0.0087125,0.0477,0.0139875,0.103675,13.9875,5.474892395982782,0
m1_env_B_sc030_sym,baseline,42,2600,B,0.3,/mnt/karma_m1_scratch/m1_env_B_sc030_sym_baseline_seed42/m1_env_B_sc030_sym_baseline_seed42_ep2600.parquet,results/m1_env_B_sc030_sym/checkpoints/m1_env_B_sc030_sym_baseline_seed42_ep2600.pt,configs/m1_env_B_sc030_sym.yaml,80000,64,73233,458,465,4798,1046,0.6209213202443605,0.008595269918689702,0.1702962524355569,458,465,0.4334154041377043,1.0,0.018057405948638916,0.0011563466396182775,0.0026223291642963886,0.004137805197387934,0.018057405948638916,1.0,0.0013427863596007228,0.012391413561999798,0.0032559148967266083,0.0011563465232029557,0.0013427864760160446,1.0,0.0011021788232028484,0.006484949495643377,0.0026223291642963886,0.012391413561999798,0.0011021788232028484,1.0,0.0029832585714757442,0.004137805663049221,0.0032559148967266083,0.006484949495643377,0.0029832585714757442,1.0,458,73233,458,465,4798,1046,0.0013427863596007228,0.0,0.00046879053115844727,0.000429689884185791,0.0019233226776123047,0.3150021433830261,0.00046879053115844727,0.0,6.759166717529297e-05,0.000578761100769043,0.3338897228240967,0.000429689884185791,6.759166717529297e-05,0.0,0.0007740259170532227,0.33240950107574463,0.0019233226776123047,0.000578761100769043,0.0007740259170532227,-1.1920928955078125e-07,0.35639870166778564,0.3150021433830261,0.3338897228240967,0.33240950107574463,0.35639870166778564,5.960464477539063e-08,73233,458,465,4798,1046,6.759166717529297e-05,128,-0.007637284696102142,0.34644725918769836,0.022331152111291885,0.2825731039047241,1040.57,2600,0.006175,0.006175,0.0620625,0.0112125,0.1127125,11.2125,10.050607287449392,0
m1_env_B_sc030_sym,baseline,42,2800,B,0.3,/mnt/karma_m1_scratch/m1_env_B_sc030_sym_baseline_seed42/m1_env_B_sc030_sym_baseline_seed42_ep2800.parquet,results/m1_env_B_sc030_sym/checkpoints/m1_env_B_sc030_sym_baseline_seed42_ep2800.pt,configs/m1_env_B_sc030_sym.yaml,80000,64,72925,593,616,4877,989,0.5798071068793874,0.0035391198652634267,0.1409006982231953,593,616,0.4457189963024642,1.0,0.0031408611685037613,0.005843426566570997,0.004611574113368988,0.002045232569798827,0.0031408616341650486,1.0,0.0010137675562873483,0.0034619346261024475,0.005734628532081842,0.005843426566570997,0.0010137675562873483,1.0,0.0023480874951928854,0.004127088934183121,0.004611574113368988,0.0034619346261024475,0.0023480879608541727,1.0,0.00410437723621726,0.002045232802629471,0.005734628532081842,0.004127088934183121,0.00410437723621726,1.0,593,72925,593,616,4877,989,0.0010137675562873483,0.0,0.00039261579513549805,0.0005130767822265625,0.0015514492988586426,0.29530036449432373,0.00039261579513549805,0.0,1.8477439880371094e-05,0.000542759895324707,0.3133765459060669,0.0005130767822265625,1.8477439880371094e-05,-1.1920928955078125e-07,0.000539243221282959,0.3149351477622986,0.0015514492988586426,0.000542759895324707,0.000539243221282959,-1.1920928955078125e-07,0.3354065418243408,0.29530036449432373,0.3133765459060669,0.3149351477622986,0.3354065418243408,0.0,72925,593,616,4877,989,1.8477439880371094e-05,128,0.010326042771339417,0.3408995568752289,0.02366597019135952,0.26952534914016724,1035.36,2800,0.005675,0.005675,0.0676625,0.0156124999999999,0.11845,15.6125,11.922907488986786,0
m1_env_B_sc030_sym,baseline,42,3000,B,0.3,/mnt/karma_m1_scratch/m1_env_B_sc030_sym_baseline_seed42/m1_env_B_sc030_sym_baseline_seed42_ep3000.parquet,results/m1_env_B_sc030_sym/checkpoints/m1_env_B_sc030_sym_baseline_seed42_ep3000.pt,configs/m1_env_B_sc030_sym.yaml,80000,64,73541,371,380,4587,1121,0.592557572479377,0.006882621235689703,0.14202529999837382,371,380,0.4111794689426268,1.0,0.0021196543239057064,0.0020423189271241426,0.010000809095799923,0.002339998260140419,0.0021196543239057064,1.0,0.012531029991805553,0.010265672579407692,0.0040000248700380325,0.0020423189271241426,0.012531029991805553,1.0,0.007615167647600174,0.005832185503095388,0.010000809095799923,0.010265672579407692,0.007615168113261461,1.0,0.005509743466973305,0.002339998260140419,0.0040000248700380325,0.005832185503095388,0.005509743466973305,1.0,371,73541,371,380,4587,1121,0.012531029991805553,0.0,0.0004462599754333496,0.00048530101776123047,0.002390146255493164,0.24989169836044312,0.0004462599754333496,0.0,3.88026237487793e-05,0.0039604902267456055,0.2455337643623352,0.00048530101776123047,3.88026237487793e-05,0.0,0.004356682300567627,0.24171936511993408,0.002390146255493164,0.0039604902267456055,0.004356682300567627,0.0,0.29320472478866577,0.24989169836044312,0.2455337643623352,0.24171936511993408,0.29320472478866577,0.0,73541,371,380,4587,1121,3.88026237487793e-05,128,-0.183737114071846,0.3223882019519806,-0.18156197667121887,0.29953911900520325,1069.58,3000,0.005375,0.005375,0.065125,0.007775,0.1068,7.775,12.116279069767442,0
m1_env_B_sc030_sym,baseline,42,3200,B,0.3,/mnt/karma_m1_scratch/m1_env_B_sc030_sym_baseline_seed42/m1_env_B_sc030_sym_baseline_seed42_ep3200.parquet,results/m1_env_B_sc030_sym/checkpoints/m1_env_B_sc030_sym_baseline_seed42_ep3200.pt,configs/m1_env_B_sc030_sym.yaml,80000,64,73852,423,428,4566,731,0.5724317079315329,0.007350984465072594,0.1316053156309771,423,428,0.3804787386910989,1.0,0.0008471640176139772,0.0034951737616211176,0.005724462680518627,0.004042173270136118,0.0008471640176139772,1.0,0.0018676936160773039,0.005938658490777016,0.003932034596800804,0.0034951737616211176,0.0018676936160773039,1.0,0.0028086542151868343,0.004074242897331715,0.005724462680518627,0.005938658490777016,0.0028086542151868343,1.0,0.0015402974095195532,0.004042173270136118,0.003932034131139517,0.004074242897331715,0.0015402970602735877,1.0,423,73852,423,428,4566,731,0.0018676936160773039,-1.1920928955078125e-07,9.614229202270508e-05,9.28640365600586e-05,0.0013275742530822754,0.3436143398284912,9.614229202270508e-05,5.960464477539063e-08,9.298324584960938e-06,0.0009256601333618164,0.3531110882759094,9.28640365600586e-05,9.298324584960938e-06,5.960464477539063e-08,0.0009245872497558594,0.3530201315879822,0.0013275742530822754,0.0009256601333618164,0.0009245872497558594,5.960464477539063e-08,0.3799457550048828,0.3436143398284912,0.3531110882759094,0.3530201315879822,0.3799457550048828,0.0,73852,423,428,4566,731,9.298324584960938e-06,128,0.03675278276205063,0.3755127191543579,0.09656394273042679,0.3229869306087494,1091.24,3200,0.00495,0.00495,0.0593874999999999,0.0075375,0.0997749999999999,7.5375,11.997474747474744,0
m1_env_B_sc030_sym,baseline,42,3400,B,0.3,/mnt/karma_m1_scratch/m1_env_B_sc030_sym_baseline_seed42/m1_env_B_sc030_sym_baseline_seed42_ep3400.parquet,results/m1_env_B_sc030_sym/checkpoints/m1_env_B_sc030_sym_baseline_seed42_ep3400.pt,configs/m1_env_B_sc030_sym.yaml,80000,64,73899,600,622,4357,522,0.5640185087699296,0.005968402985905936,0.1386324620088292,600,622,0.41590876344086014,1.0,0.002313524717465043,0.001012907363474369,0.0005155167891643941,0.0023004335816949606,0.002313524717465043,1.0,0.015720810741186142,0.0053742434829473495,0.0021560173481702805,0.001012907363474369,0.015720810741186142,1.0,0.0006603760411962867,0.009038552641868591,0.0005155166727490723,0.0053742434829473495,0.0006603760411962867,1.0,0.0027214311994612217,0.0023004335816949606,0.0021560173481702805,0.009038552641868591,0.0027214311994612217,1.0,522,73899,600,622,4357,522,0.015720810741186142,0.0,0.00011086463928222656,9.685754776000977e-05,0.000603795051574707,0.32089751958847046,0.00011086463928222656,1.1920928955078125e-07,6.4373016357421875e-06,0.00041484832763671875,0.3268560767173767,9.685754776000977e-05,6.4373016357421875e-06,0.0,0.00040656328201293945,0.32687151432037354,0.000603795051574707,0.00041484832763671875,0.00040656328201293945,0.0,0.34465378522872925,0.32089751958847046,0.3268560767173767,0.32687151432037354,0.34465378522872925,0.0,73899,600,622,4357,522,6.4373016357421875e-06,128,0.058003149926662445,0.3888217806816101,0.06235511973500252,0.32786810398101807,1059.67,3400,0.00735,0.00735,0.0634,0.0113125,0.12865,11.3125,8.625850340136056,0
m1_env_B_sc030_sym,baseline,42,3600,B,0.3,/mnt/karma_m1_scratch/m1_env_B_sc030_sym_baseline_seed42/m1_env_B_sc030_sym_baseline_seed42_ep3600.parquet,results/m1_env_B_sc030_sym/checkpoints/m1_env_B_sc030_sym_baseline_seed42_ep3600.pt,configs/m1_env_B_sc030_sym.yaml,80000,64,73987,489,502,4300,722,0.5739939435212484,0.006259021147629981,0.14210134675880562,489,502,0.3866938421382639,1.0,0.0066012428142130375,0.005986921489238739,0.008862449787557125,0.00291077489964664,0.0066012428142130375,1.0,0.0021727094426751137,0.0003339193353895098,0.002424434991553426,0.005986921489238739,0.002172709908336401,1.0,0.0010832817060872912,0.006226237863302231,0.00886244885623455,0.0003339193353895098,0.0010832817060872912,1.0,0.00549975736066699,0.00291077489964664,0.002424434991553426,0.006226237863302231,0.00549975736066699,1.0,489,73987,489,502,4300,722,0.0021727094426751137,0.0,0.00016021728515625,0.00013214349746704102,0.0005123615264892578,0.3278636336326599,0.00016021728515625,0.0,1.055002212524414e-05,0.0008360743522644043,0.32338494062423706,0.00013214349746704102,1.055002212524414e-05,-1.1920928955078125e-07,0.0008748769760131836,0.3227720856666565,0.0005123615264892578,0.0008360743522644043,0.0008748769760131836,-1.1920928955078125e-07,0.3485299348831177,0.3278636336326599,0.32338494062423706,0.3227720856666565,0.3485299348831177,0.0,73987,489,502,4300,722,1.055002212524414e-05,128,0.09068004786968231,0.37984922528266907,0.14417940378189087,0.32728439569473267,968.56,3600,0.0040375,0.0040375,0.0597624999999999,0.009875,0.0973499999999999,9.875,14.801857585139311,0
m1_env_B_sc030_sym,baseline,42,3800,B,0.3,/mnt/karma_m1_scratch/m1_env_B_sc030_sym_baseline_seed42/m1_env_B_sc030_sym_baseline_seed42_ep3800.parquet,results/m1_env_B_sc030_sym/checkpoints/m1_env_B_sc030_sym_baseline_seed42_ep3800.pt,configs/m1_env_B_sc030_sym.yaml,80000,64,73150,456,485,4665,1244,0.5947165111990633,0.005365369272856023,0.14903549435581304,456,485,0.4026121681993488,1.0,0.001471147290430963,0.00048228519153781235,0.001892159809358418,0.0013821949250996113,0.0014711474068462849,1.0,0.0018234699964523315,0.007824976928532124,0.002658859360963106,0.00048228519153781235,0.001823470345698297,1.0,0.0015627866378054023,0.0013268423499539495,0.0018921601586043835,0.007824976928532124,0.0015627862885594368,1.0,0.0013700309209525585,0.0013821949250996113,0.0026588598266243935,0.0013268424663692713,0.0013700309209525585,1.0,456,73150,456,485,4665,1244,0.0018234699964523315,0.0,0.0005311369895935059,0.0006955862045288086,0.0007291436195373535,0.13245820999145508,0.0005311369895935059,5.960464477539063e-08,4.1484832763671875e-05,0.0017428994178771973,0.12549573183059692,0.0006955862045288086,4.1484832763671875e-05,0.0,0.0022159218788146973,0.12146627902984619,0.0007291436195373535,0.0017428994178771973,0.0022159218788146973,0.0,0.1508004069328308,0.13245820999145508,0.12549573183059692,0.12146627902984619,0.1508004069328308,5.960464477539063e-08,73150,456,485,4665,1244,4.1484832763671875e-05,128,-0.08324925601482391,0.35953351855278015,-0.0498402863740921,0.28505584597587585,1036.41,3800,0.0072625,0.0072625,0.0549625,0.0124125,0.1104124999999999,12.4125,7.567986230636833,0
m1_env_B_sc030_sym,baseline,42,4000,B,0.3,/mnt/karma_m1_scratch/m1_env_B_sc030_sym_baseline_seed42/m1_env_B_sc030_sym_baseline_seed42_ep4000.parquet,results/m1_env_B_sc030_sym/checkpoints/m1_env_B_sc030_sym_baseline_seed42_ep4000.pt,configs/m1_env_B_sc030_sym.yaml,80000,64,72533,431,443,4299,2294,0.6327258115034597,0.002541034425095951,0.16775562076791745,431,443,0.3480871217240752,1.0,0.010125604458153248,0.00602725287899375,0.0015057309065014124,0.0008572659571655095,0.010125606320798397,1.0,0.005623204633593559,0.0008115718374028802,0.005098447669297457,0.00602725287899375,0.005623204167932272,1.0,0.0062822261825203896,0.01221778430044651,0.0015057309065014124,0.0008115718374028802,0.0062822275795042515,1.0,0.0006074684206396341,0.0008572659571655095,0.005098447669297457,0.01221778430044651,0.0006074684206396341,1.0,431,72533,431,443,4299,2294,0.005623204633593559,0.0,0.00036716461181640625,0.00044846534729003906,0.0011162757873535156,0.11958187818527222,0.00036716461181640625,1.1920928955078125e-07,1.239776611328125e-05,0.002262890338897705,0.11178958415985107,0.00044846534729003906,1.239776611328125e-05,0.0,0.0024785399436950684,0.11035758256912231,0.0011162757873535156,0.002262890338897705,0.0024785399436950684,5.960464477539063e-08,0.14192551374435425,0.11958187818527222,0.11178958415985107,0.11035758256912231,0.14192551374435425,0.0,72533,431,443,4299,2294,1.239776611328125e-05,128,-0.13963735103607178,0.3662966191768646,-0.1601957380771637,0.3230215311050415,1027.71,4000,0.00685,0.00685,0.0532249999999999,0.0172874999999999,0.1012625,17.2875,7.770072992700728,0
